<?xml version="1.0" encoding="UTF-8"?>
<project-private xmlns="http://www.netbeans.org/ns/project-private/1">
    <editor-bookmarks xmlns="http://www.netbeans.org/ns/editor-bookmarks/2" lastBookmarkId="0"/>
    <open-files xmlns="http://www.netbeans.org/ns/projectui-open-files/2">
        <group>
            <file>file:/C:/wamp64/www/E-store/index.php</file>
            <file>file:/C:/wamp64/www/E-store/css/style.css</file>
            <file>file:/C:/wamp64/www/E-store/login_submit.php</file>
            <file>file:/C:/wamp64/www/E-store/cart-add.php</file>
            <file>file:/C:/wamp64/www/E-store/signup_script.php</file>
            <file>file:/C:/wamp64/www/E-store/cart.php</file>
            <file>file:/C:/wamp64/www/E-store/products.php</file>
            <file>file:/C:/wamp64/www/E-store/includes/footer.php</file>
            <file>file:/C:/wamp64/www/E-store/includes/header.php</file>
            <file>file:/C:/wamp64/www/E-store/success.php</file>
            <file>file:/C:/wamp64/www/E-store/includes/common.php</file>
            <file>file:/C:/wamp64/www/E-store/settings.php</file>
            <file>file:/C:/wamp64/www/E-store/login.php</file>
            <file>file:/C:/wamp64/www/E-store/css/bootstrap.min.css</file>
            <file>file:/C:/wamp64/www/E-store/css/bootstrap.css</file>
            <file>file:/C:/wamp64/www/E-store/cart-remove.php</file>
            <file>file:/C:/wamp64/www/E-store/signup.php</file>
            <file>file:/C:/wamp64/www/E-store/settings_script.php</file>
            <file>file:/C:/wamp64/www/E-store/logout_script.php</file>
            <file>file:/C:/wamp64/www/E-store/includes/check-if-added.php</file>
        </group>
    </open-files>
</project-private>
